phase,kind,identity,firstReadAt,lastReadAt,appFirstRxBytes,appLastRxBytes,appFirstTxBytes,appLastTxBytes,toolFirstRxBytes,toolLastRxBytes,toolFirstTxBytes,toolLastTxBytes
download-idle,tunnel,gif0#2#nil#1,Instant(_value: 3040457.806761583 seconds),Instant(_value: 3040466.8589385003 seconds),0,0,0,0,0,0,0,0
download-idle,tunnel,stf0#3#nil#2,Instant(_value: 3040457.806761583 seconds),Instant(_value: 3040466.8589385003 seconds),0,0,0,0,0,0,0,0
download-idle,tunnel,utun0#18#nil#17,Instant(_value: 3040457.806761583 seconds),Instant(_value: 3040466.8589385003 seconds),0,0,0,0,0,0,100,100
download-idle,tunnel,utun1#19#nil#18,Instant(_value: 3040457.806761583 seconds),Instant(_value: 3040466.8589385003 seconds),0,0,8192,8192,0,0,8820,8820
download-idle,tunnel,utun2#20#nil#19,Instant(_value: 3040457.806761583 seconds),Instant(_value: 3040466.8589385003 seconds),0,0,8192,8192,0,0,8760,8760
download-idle,tunnel,utun3#21#nil#20,Instant(_value: 3040457.806761583 seconds),Instant(_value: 3040466.8589385003 seconds),0,0,8192,8192,0,0,8760,8760
download-idle,tunnel,utun4#24#nil#21,Instant(_value: 3040457.806761583 seconds),Instant(_value: 3040466.8589385003 seconds),9216,9216,4096,4096,10118,10118,4393,4393
download-idle,tunnel,utun5#25#nil#22,Instant(_value: 3040457.806761583 seconds),Instant(_value: 3040466.8589385003 seconds),166912,166912,143360,143360,167818,167818,143371,143371
download-idle,tunnel,utun6#26#nil#23,Instant(_value: 3040457.806761583 seconds),Instant(_value: 3040466.8589385003 seconds),0,0,8192,8192,0,0,8820,8820
download-idle,tunnel,utun7#27#nil#24,Instant(_value: 3040457.806761583 seconds),Instant(_value: 3040466.8589385003 seconds),0,0,8192,8192,0,0,8760,8760
download-load,tunnel,gif0#2#nil#1,Instant(_value: 3040472.860212958 seconds),Instant(_value: 3040495.857195708 seconds),0,0,0,0,0,0,0,0
download-load,tunnel,stf0#3#nil#2,Instant(_value: 3040472.860212958 seconds),Instant(_value: 3040495.857195708 seconds),0,0,0,0,0,0,0,0
download-load,tunnel,utun0#18#nil#17,Instant(_value: 3040472.860212958 seconds),Instant(_value: 3040495.857195708 seconds),0,0,0,0,0,0,100,100
download-load,tunnel,utun1#19#nil#18,Instant(_value: 3040472.860212958 seconds),Instant(_value: 3040495.857195708 seconds),0,0,8192,8192,0,0,8820,8820
download-load,tunnel,utun2#20#nil#19,Instant(_value: 3040472.860212958 seconds),Instant(_value: 3040495.857195708 seconds),0,0,8192,8192,0,0,8760,8760
download-load,tunnel,utun3#21#nil#20,Instant(_value: 3040472.860212958 seconds),Instant(_value: 3040495.857195708 seconds),0,0,8192,8192,0,0,8760,8760
download-load,tunnel,utun4#24#nil#21,Instant(_value: 3040472.860212958 seconds),Instant(_value: 3040495.857195708 seconds),9216,9216,4096,4096,10118,10118,4393,4393
download-load,tunnel,utun5#25#nil#22,Instant(_value: 3040472.860212958 seconds),Instant(_value: 3040495.857195708 seconds),166912,166912,143360,143360,167818,167818,143371,143371
download-load,tunnel,utun6#26#nil#23,Instant(_value: 3040472.860212958 seconds),Instant(_value: 3040495.857195708 seconds),0,0,8192,8192,0,0,8820,8820
download-load,tunnel,utun7#27#nil#24,Instant(_value: 3040472.860212958 seconds),Instant(_value: 3040495.857195708 seconds),0,0,8192,8192,0,0,8760,8760
download-recovery,tunnel,gif0#2#nil#1,Instant(_value: 3040502.84989525 seconds),Instant(_value: 3040510.864065583 seconds),0,0,0,0,0,0,0,0
download-recovery,tunnel,stf0#3#nil#2,Instant(_value: 3040502.84989525 seconds),Instant(_value: 3040510.864065583 seconds),0,0,0,0,0,0,0,0
download-recovery,tunnel,utun0#18#nil#17,Instant(_value: 3040502.84989525 seconds),Instant(_value: 3040510.864065583 seconds),0,0,0,0,0,0,100,100
download-recovery,tunnel,utun1#19#nil#18,Instant(_value: 3040502.84989525 seconds),Instant(_value: 3040510.864065583 seconds),0,0,8192,8192,0,0,8820,8820
download-recovery,tunnel,utun2#20#nil#19,Instant(_value: 3040502.84989525 seconds),Instant(_value: 3040510.864065583 seconds),0,0,8192,8192,0,0,8760,8760
download-recovery,tunnel,utun3#21#nil#20,Instant(_value: 3040502.84989525 seconds),Instant(_value: 3040510.864065583 seconds),0,0,8192,8192,0,0,8760,8760
download-recovery,tunnel,utun4#24#nil#21,Instant(_value: 3040502.84989525 seconds),Instant(_value: 3040510.864065583 seconds),9216,9216,4096,4096,10118,10118,4393,4393
download-recovery,tunnel,utun5#25#nil#22,Instant(_value: 3040502.84989525 seconds),Instant(_value: 3040510.864065583 seconds),166912,166912,143360,143360,167818,167818,143371,143371
download-recovery,tunnel,utun6#26#nil#23,Instant(_value: 3040502.84989525 seconds),Instant(_value: 3040510.864065583 seconds),0,0,8192,8192,0,0,8820,8820
download-recovery,tunnel,utun7#27#nil#24,Instant(_value: 3040502.84989525 seconds),Instant(_value: 3040510.864065583 seconds),0,0,8192,8192,0,0,8760,8760
upload-idle,tunnel,gif0#2#nil#1,Instant(_value: 3040517.85656 seconds),Instant(_value: 3040525.8461694163 seconds),0,0,0,0,0,0,0,0
upload-idle,tunnel,stf0#3#nil#2,Instant(_value: 3040517.85656 seconds),Instant(_value: 3040525.8461694163 seconds),0,0,0,0,0,0,0,0
upload-idle,tunnel,utun0#18#nil#17,Instant(_value: 3040517.85656 seconds),Instant(_value: 3040525.8461694163 seconds),0,0,0,0,0,0,100,100
upload-idle,tunnel,utun1#19#nil#18,Instant(_value: 3040517.85656 seconds),Instant(_value: 3040525.8461694163 seconds),0,0,8192,8192,0,0,8820,8820
upload-idle,tunnel,utun2#20#nil#19,Instant(_value: 3040517.85656 seconds),Instant(_value: 3040525.8461694163 seconds),0,0,8192,8192,0,0,8760,8760
upload-idle,tunnel,utun3#21#nil#20,Instant(_value: 3040517.85656 seconds),Instant(_value: 3040525.8461694163 seconds),0,0,8192,8192,0,0,8760,8760
upload-idle,tunnel,utun4#24#nil#21,Instant(_value: 3040517.85656 seconds),Instant(_value: 3040525.8461694163 seconds),9216,9216,4096,4096,10118,10118,4393,4393
upload-idle,tunnel,utun5#25#nil#22,Instant(_value: 3040517.85656 seconds),Instant(_value: 3040525.8461694163 seconds),166912,166912,143360,143360,167818,167818,143371,143371
upload-idle,tunnel,utun6#26#nil#23,Instant(_value: 3040517.85656 seconds),Instant(_value: 3040525.8461694163 seconds),0,0,8192,8192,0,0,8820,8820
upload-idle,tunnel,utun7#27#nil#24,Instant(_value: 3040517.85656 seconds),Instant(_value: 3040525.8461694163 seconds),0,0,8192,8192,0,0,8760,8760
upload-load,tunnel,gif0#2#nil#1,Instant(_value: 3040532.853406833 seconds),Instant(_value: 3040555.805313375 seconds),0,0,0,0,0,0,0,0
upload-load,tunnel,stf0#3#nil#2,Instant(_value: 3040532.853406833 seconds),Instant(_value: 3040555.805313375 seconds),0,0,0,0,0,0,0,0
upload-load,tunnel,utun0#18#nil#17,Instant(_value: 3040532.853406833 seconds),Instant(_value: 3040555.805313375 seconds),0,0,0,0,0,0,100,100
upload-load,tunnel,utun1#19#nil#18,Instant(_value: 3040532.853406833 seconds),Instant(_value: 3040555.805313375 seconds),0,0,8192,8192,0,0,8820,8820
upload-load,tunnel,utun2#20#nil#19,Instant(_value: 3040532.853406833 seconds),Instant(_value: 3040555.805313375 seconds),0,0,8192,8192,0,0,8760,8760
upload-load,tunnel,utun3#21#nil#20,Instant(_value: 3040532.853406833 seconds),Instant(_value: 3040555.805313375 seconds),0,0,8192,8192,0,0,8760,8760
upload-load,tunnel,utun4#24#nil#21,Instant(_value: 3040532.853406833 seconds),Instant(_value: 3040555.805313375 seconds),9216,9216,4096,4096,10118,10118,4393,4393
upload-load,tunnel,utun5#25#nil#22,Instant(_value: 3040532.853406833 seconds),Instant(_value: 3040555.805313375 seconds),166912,166912,143360,143360,167818,167818,143371,143371
upload-load,tunnel,utun6#26#nil#23,Instant(_value: 3040532.853406833 seconds),Instant(_value: 3040555.805313375 seconds),0,0,8192,8192,0,0,8820,8820
upload-load,tunnel,utun7#27#nil#24,Instant(_value: 3040532.853406833 seconds),Instant(_value: 3040555.805313375 seconds),0,0,8192,8192,0,0,8760,8760
upload-recovery,tunnel,gif0#2#nil#1,Instant(_value: 3040562.826510375 seconds),Instant(_value: 3040568.8541909163 seconds),0,0,0,0,0,0,0,0
upload-recovery,tunnel,gif0#2#nil#27,Instant(_value: 3040569.7951780832 seconds),Instant(_value: 3040570.812394833 seconds),0,0,0,0,0,0,0,0
upload-recovery,tunnel,stf0#3#nil#2,Instant(_value: 3040562.826510375 seconds),Instant(_value: 3040568.8541909163 seconds),0,0,0,0,0,0,0,0
upload-recovery,tunnel,stf0#3#nil#28,Instant(_value: 3040569.7951780832 seconds),Instant(_value: 3040570.812394833 seconds),0,0,0,0,0,0,0,0
upload-recovery,tunnel,utun0#18#nil#17,Instant(_value: 3040562.826510375 seconds),Instant(_value: 3040568.8541909163 seconds),0,0,0,0,0,0,100,100
upload-recovery,tunnel,utun0#18#nil#43,Instant(_value: 3040569.7951780832 seconds),Instant(_value: 3040570.812394833 seconds),0,0,0,0,0,0,100,100
upload-recovery,tunnel,utun1#19#nil#18,Instant(_value: 3040562.826510375 seconds),Instant(_value: 3040568.8541909163 seconds),0,0,8192,8192,0,0,8820,8820
upload-recovery,tunnel,utun1#19#nil#44,Instant(_value: 3040569.7951780832 seconds),Instant(_value: 3040570.812394833 seconds),0,0,8192,8192,0,0,8820,8820
upload-recovery,tunnel,utun2#20#nil#19,Instant(_value: 3040562.826510375 seconds),Instant(_value: 3040568.8541909163 seconds),0,0,8192,8192,0,0,8760,8760
upload-recovery,tunnel,utun2#20#nil#45,Instant(_value: 3040569.7951780832 seconds),Instant(_value: 3040570.812394833 seconds),0,0,8192,8192,0,0,8760,8760
upload-recovery,tunnel,utun3#21#nil#20,Instant(_value: 3040562.826510375 seconds),Instant(_value: 3040568.8541909163 seconds),0,0,8192,8192,0,0,8760,8760
upload-recovery,tunnel,utun3#21#nil#46,Instant(_value: 3040569.7951780832 seconds),Instant(_value: 3040570.812394833 seconds),0,0,8192,8192,0,0,8760,8760
upload-recovery,tunnel,utun4#24#nil#21,Instant(_value: 3040562.826510375 seconds),Instant(_value: 3040568.8541909163 seconds),9216,9216,4096,4096,10118,10118,4393,4393
upload-recovery,tunnel,utun4#24#nil#47,Instant(_value: 3040569.7951780832 seconds),Instant(_value: 3040570.812394833 seconds),9216,9216,4096,4096,10118,10118,4393,4393
upload-recovery,tunnel,utun5#25#nil#22,Instant(_value: 3040562.826510375 seconds),Instant(_value: 3040568.8541909163 seconds),166912,166912,143360,143360,167818,167818,143371,143371
upload-recovery,tunnel,utun5#25#nil#48,Instant(_value: 3040569.7951780832 seconds),Instant(_value: 3040570.812394833 seconds),166912,166912,143360,143360,167818,167818,143371,143371
upload-recovery,tunnel,utun6#26#nil#23,Instant(_value: 3040562.826510375 seconds),Instant(_value: 3040568.8541909163 seconds),0,0,8192,8192,0,0,8820,8820
upload-recovery,tunnel,utun6#26#nil#49,Instant(_value: 3040569.7951780832 seconds),Instant(_value: 3040570.812394833 seconds),0,0,8192,8192,0,0,8820,8820
upload-recovery,tunnel,utun7#27#nil#24,Instant(_value: 3040562.826510375 seconds),Instant(_value: 3040568.8541909163 seconds),0,0,8192,8192,0,0,8760,8760
upload-recovery,tunnel,utun7#27#nil#50,Instant(_value: 3040569.7951780832 seconds),Instant(_value: 3040570.812394833 seconds),0,0,8192,8192,0,0,8760,8760
