network-detail-three-kinds-long-name.png	B2BD85BD-3A85-4C8F-9B1B-11ADD4BD74E2.png
network-card-264-long-fr_FR-light.png	86E35614-19BA-4A3D-9ED1-5B56C0529302.png
network-card-248-long-fr_FR-light.png	FBFD7CB2-6FF9-4B0A-9D00-FCF7D14EFAAA.png
network-card-264-long-ko_KR-light.png	B80968BC-8214-41AF-A721-888B11E54183.png
network-card-248-long-ko_KR-light.png	E9872BBA-F030-4F87-9581-3BFC385E1743.png
network-card-264-long-my_MM-light.png	51CC47BC-3B3D-4061-9EA8-E53376DF0277.png
network-card-248-long-my_MM-light.png	C9CB1A0E-FEA7-41AD-97A9-ABE92FB08931.png
network-card-264-long-gez_ER-light.png	24362F1B-8E34-4E54-8070-A43547353A2A.png
network-card-248-long-gez_ER-light.png	800BECDA-72AD-4003-BC81-AFD35EA0951D.png
network-card-264-long-en_US-light.png	88636C43-CAE7-46C5-8E7D-3638DA91064B.png
network-card-248-long-en_US-light.png	3133127C-AB61-4008-9AA6-D4B904CE060E.png
network-card-248-german-locale-light.png	95BB6459-A11D-4A71-9890-BE2B7C07931C.png
network-card-264-small-positive-dark.png	F22BDF19-90CC-41CC-A7A7-0F65ACFB49E4.png
network-card-248-small-positive-dark.png	8B1CC2DB-49DC-484B-B967-96467EF26657.png
network-card-264-small-positive-light.png	7416F440-1AD2-4DD8-B25F-088A008BE4DD.png
network-card-248-small-positive-light.png	68AC63EB-2A3D-4326-BD4A-2A9A974F0E87.png
network-card-264-long-value-dark.png	187ED70E-6080-41B9-9D8C-D6188EE6DD2A.png
network-card-248-long-value-dark.png	2128F3E2-E1DA-4F99-96BE-903F69516A1C.png
network-card-264-long-value-light.png	C2ED73C5-ECC2-4ED8-9035-C762A6930AFF.png
network-card-248-long-value-light.png	702CFAD2-8F2E-4A76-A2AC-00009BEDDA2A.png
network-card-264-no-physical-dark.png	200A9E32-37EF-4114-91C4-B3046B029D20.png
network-card-248-no-physical-dark.png	6F048B89-A768-4D10-A16C-E260AE0BBAB3.png
network-card-264-no-physical-light.png	B75C495F-1120-4AD8-975A-BEF748311E47.png
network-card-248-no-physical-light.png	D6C955D5-CD01-4A46-9922-E855B667809C.png
network-card-264-baseline-dark.png	1DCE086E-2B6F-4B67-B043-319D6E30B4ED.png
network-card-248-baseline-dark.png	BB015DB8-ED44-4147-89FD-1FEB3FCF16A8.png
network-card-264-baseline-light.png	691F4CCF-34F8-40B2-B4E0-88A960335845.png
network-card-248-baseline-light.png	A1D0106B-21B6-4A29-A153-B13701795217.png
network-card-264-disconnected-dark.png	2E542706-1593-483C-9DB4-40CECA0F07E4.png
network-card-248-disconnected-dark.png	2EE29A11-57B5-4B30-8FEC-9DF5643DEAC3.png
network-card-264-disconnected-light.png	2EAE3148-B080-4520-AF79-D71326FB6393.png
network-card-248-disconnected-light.png	7813D194-E714-440D-8AB9-111C84A583EC.png
network-card-264-aux-failure-dark.png	DC664558-3ED3-41CC-9411-A389AC270CDF.png
network-card-248-aux-failure-dark.png	B16B5D07-E2E4-42D6-AA2D-2A4F03F99C36.png
network-card-264-aux-failure-light.png	A019473B-CBBD-4AD7-BD6A-72DA44B30022.png
network-card-248-aux-failure-light.png	AC3D94D1-870C-4DD2-BE85-B98C48767C9C.png
network-card-264-stopped-dark.png	A291A089-5757-4D9E-8CF6-96A0D3D4655D.png
network-card-248-stopped-dark.png	78E20883-D6D0-453C-8830-2EAF6E80AC79.png
network-card-264-stopped-light.png	B7A3B936-297D-4CA4-AFE5-C389CE679AC0.png
network-card-248-stopped-light.png	859F495F-6559-4A4F-A0C5-423405BB16F3.png
network-card-264-failure-dark.png	CF25D7F9-4FA9-42E6-9714-FF354228CF07.png
network-card-248-failure-dark.png	DD0C5932-94A3-4C95-A100-66CC657B40EE.png
network-card-264-failure-light.png	ADA94953-D31A-4EAA-93CF-64BF847A6375.png
network-card-248-failure-light.png	6990C6B5-6B34-4D52-A3BE-58D8E5E20465.png
network-card-264-partial-dark.png	304A78C8-D1E4-4597-A3CB-4C711B553CA6.png
network-card-248-partial-dark.png	D4F1D75F-88EE-4C48-B170-B8A0A2C193A3.png
network-card-264-partial-light.png	DCFDC453-B723-449E-99FA-46F59A746FF1.png
network-card-248-partial-light.png	48E1031A-4731-448B-92DB-F4E1394ECE78.png
network-card-264-normal-dark.png	0A7B3DA3-5DFD-4E52-9555-B53C4A51DD21.png
network-card-248-normal-dark.png	7B08E48C-2D0B-4922-B580-49FDB7451A32.png
network-card-264-normal-light.png	D4D2333C-A686-4778-B8D8-351D2E5B2437.png
network-card-248-normal-light.png	A3FBDB42-3281-4FBA-AC01-3B30257A5549.png
network-card-264-initial-dark.png	8A85794D-94D5-4B06-8961-40620C60CD42.png
network-card-248-initial-dark.png	FC178694-62DB-4188-B971-E1C47FD3445D.png
network-card-264-initial-light.png	5199B156-74C1-48E1-887B-6630EA880D61.png
network-card-248-initial-light.png	84206775-B8C2-44A1-878F-2F29B703AA44.png
disk-card-normal-dark.png	3AF36715-4FCE-4431-B2F6-E9B4878E17C8.png
disk-card-normal-light.png	A43F690E-F99C-4E96-98AB-C98F5BEB1E37.png
